EDAD_CLIENTE;930;63717;745;417;5950;59976;55346;306;294;221;56031;7068;55348;55431;249;726;48425;63697;5048;5047;817;17712;963;135;60081;64984;745;63717;63723;63711;63714;63719;63694;63712;63720;63725;63695;63696;63689;63721;63690;63722;404;63692;60059;63697;366;19761;55347;63715;63716;63718;555
0;0.00083477;0.00083477;0.00007857;0.00083477;0.00083477;0.00091334;0.00007857;0.00000547;0.0000731;0.00006918;;0.000444;0.01841;0.000118;0.000402;0.001679;1.909;0.9552;0.336;0.348;0.00083477;0.00091334;0.000402;0.336;0.00083477;0.00006918;0.00007857;0.00083477;0.00007857;0.00091334;0.00091334;0.00006918;0.000444;0.01841;0.001679;1.909;0.336;0.348;0.000402;0.00007857;0.000402;0.00007857;0.00007857;1.909;0.00091334;0.9552;7.85747E-05;0.000402;0.000834765;0.000834765;7.85747E-05;6.9177E-05;0.000402
1;0.00083492;0.00083492;0.00007857;0.00083492;0.00083492;0.0009135;0.00007857;0.00000547;0.0000731;0.00007375;;0.000444;0.01841;0.000118;0.000402;0.001679;1.909;0.9552;0.336;0.348;0.00083492;0.0009135;0.000402;0.336;0.00083492;0.00007375;0.00007857;0.00083492;0.00007857;0.0009135;0.0009135;0.00007375;0.000444;0.01841;0.001679;1.909;0.336;0.348;0.000402;0.00007857;0.000402;0.00007857;0.00007857;1.909;0.0009135;0.9552;7.85747E-05;0.000402;0.000834922;0.000834922;7.85747E-05;7.37461E-05;0.000402
2;0.0008351;0.0008351;0.00007857;0.0008351;0.0008351;0.00091368;0.00007857;0.00000547;0.0000731;0.00007862;;0.000444;0.01841;0.000118;0.000402;0.001679;1.909;0.9552;0.336;0.348;0.0008351;0.00091368;0.000402;0.336;0.0008351;0.00007862;0.00007857;0.0008351;0.00007857;0.00091368;0.00091368;0.00007862;0.000444;0.01841;0.001679;1.909;0.336;0.348;0.000402;0.00007857;0.000402;0.00007857;0.00007857;1.909;0.00091368;0.9552;7.85747E-05;0.000402;0.000835101;0.000835101;7.85747E-05;7.8617E-05;0.000402
3;0.0008353;0.0008353;0.00007857;0.0008353;0.0008353;0.00091388;0.00007857;0.00000547;0.0000731;0.00008381;;0.000444;0.01841;0.000118;0.000402;0.001679;1.909;0.9552;0.336;0.348;0.0008353;0.00091388;0.000402;0.336;0.0008353;0.00008381;0.00007857;0.0008353;0.00007857;0.00091388;0.00091388;0.00008381;0.000444;0.01841;0.001679;1.909;0.336;0.348;0.000402;0.00007857;0.000402;0.00007857;0.00007857;1.909;0.00091388;0.9552;7.85747E-05;0.000402;0.000835303;0.000835303;7.85747E-05;8.38097E-05;0.000402
4;0.00083553;0.00083553;0.00007857;0.00083553;0.00083553;0.00091411;0.00007857;0.00000547;0.0000731;0.00008935;;0.000444;0.01841;0.000118;0.000402;0.001679;1.909;0.9552;0.336;0.348;0.00083553;0.00091411;0.000402;0.336;0.00083553;0.00008935;0.00007857;0.00083553;0.00007857;0.00091411;0.00091411;0.00008935;0.000444;0.01841;0.001679;1.909;0.336;0.348;0.000402;0.00007857;0.000402;0.00007857;0.00007857;1.909;0.00091411;0.9552;7.85747E-05;0.000402;0.000835533;0.000835533;7.85747E-05;8.93453E-05;0.000402
5;0.00083579;0.00083579;0.00007857;0.00083579;0.00083579;0.00091437;0.00007857;0.00000547;0.0000731;0.00009525;;0.000444;0.01841;0.000118;0.000402;0.001679;1.909;0.9552;0.336;0.348;0.00083579;0.00091437;0.000402;0.336;0.00083579;0.00009525;0.00007857;0.00083579;0.00007857;0.00091437;0.00091437;0.00009525;0.000444;0.01841;0.001679;1.909;0.336;0.348;0.000402;0.00007857;0.000402;0.00007857;0.00007857;1.909;0.00091437;0.9552;7.85747E-05;0.000402;0.000835793;0.000835793;7.85747E-05;9.52466E-05;0.000402
6;0.00083609;0.00083609;0.00007857;0.00083609;0.00083609;0.00091466;0.00007857;0.00000547;0.0000731;0.00010154;;0.000444;0.01841;0.000118;0.000402;0.001679;1.909;0.9552;0.336;0.348;0.00083609;0.00091466;0.000402;0.336;0.00083609;0.00010154;0.00007857;0.00083609;0.00007857;0.00091466;0.00091466;0.00010154;0.000444;0.01841;0.001679;1.909;0.336;0.348;0.000402;0.00007857;0.000402;0.00007857;0.00007857;1.909;0.00091466;0.9552;7.85747E-05;0.000402;0.000836088;0.000836088;7.85747E-05;0.000101538;0.000402
7;0.00083642;0.00083642;0.00007857;0.00083642;0.00083642;0.000915;0.00007857;0.00000547;0.0000731;0.00010824;;0.000444;0.01841;0.000118;0.000402;0.001679;1.909;0.9552;0.336;0.348;0.00083642;0.000915;0.000402;0.336;0.00083642;0.00010824;0.00007857;0.00083642;0.00007857;0.000915;0.000915;0.00010824;0.000444;0.01841;0.001679;1.909;0.336;0.348;0.000402;0.00007857;0.000402;0.00007857;0.00007857;1.909;0.000915;0.9552;7.85747E-05;0.000402;0.000836422;0.000836422;7.85747E-05;0.000108244;0.000402
8;0.0008368;0.0008368;0.00007857;0.0008368;0.0008368;0.00091538;0.00007857;0.00000547;0.0000731;0.00011539;;0.000444;0.01841;0.000118;0.000402;0.001679;1.909;0.9552;0.336;0.348;0.0008368;0.00091538;0.000402;0.336;0.0008368;0.00011539;0.00007857;0.0008368;0.00007857;0.00091538;0.00091538;0.00011539;0.000444;0.01841;0.001679;1.909;0.336;0.348;0.000402;0.00007857;0.000402;0.00007857;0.00007857;1.909;0.00091538;0.9552;7.85747E-05;0.000402;0.000836802;0.000836802;7.85747E-05;0.000115394;0.000402
9;0.00083723;0.00083723;0.00007857;0.00083723;0.00083723;0.00091581;0.00007857;0.00000547;0.0000731;0.00012302;;0.000444;0.01841;0.000118;0.000402;0.001679;1.909;0.9552;0.336;0.348;0.00083723;0.00091581;0.000402;0.336;0.00083723;0.00012302;0.00007857;0.00083723;0.00007857;0.00091581;0.00091581;0.00012302;0.000444;0.01841;0.001679;1.909;0.336;0.348;0.000402;0.00007857;0.000402;0.00007857;0.00007857;1.909;0.00091581;0.9552;7.85747E-05;0.000402;0.000837232;0.000837232;7.85747E-05;0.000123015;0.000402
10;0.00083772;0.00083772;0.00007857;0.00083772;0.00083772;0.00091629;0.00007857;0.00000547;0.0000731;0.00013114;;0.000444;0.01841;0.000118;0.000402;0.001679;1.909;0.9552;0.336;0.348;0.00083772;0.00091629;0.000402;0.336;0.00083772;0.00013114;0.00007857;0.00083772;0.00007857;0.00091629;0.00091629;0.00013114;0.000444;0.01841;0.001679;1.909;0.336;0.348;0.000402;0.00007857;0.000402;0.00007857;0.00007857;1.909;0.00091629;0.9552;7.85747E-05;0.000402;0.00083772;0.00083772;7.85747E-05;0.000131141;0.000402
11;0.00083827;0.00083827;0.00007857;0.00083827;0.00083827;0.00091685;0.00007857;0.00000547;0.0000731;0.0001398;;0.000444;0.01841;0.000118;0.000402;0.001679;1.909;0.9552;0.336;0.348;0.00083827;0.00091685;0.000402;0.336;0.00083827;0.0001398;0.00007857;0.00083827;0.00007857;0.00091685;0.00091685;0.0001398;0.000444;0.01841;0.001679;1.909;0.336;0.348;0.000402;0.00007857;0.000402;0.00007857;0.00007857;1.909;0.00091685;0.9552;7.85747E-05;0.000402;0.000838274;0.000838274;7.85747E-05;0.000139802;0.000402
12;0.0008389;0.0008389;0.00007857;0.0008389;0.0008389;0.00091748;0.00007857;0.00000547;0.0000731;0.00014904;;0.000444;0.01841;0.000118;0.000402;0.001679;1.909;0.9552;0.336;0.348;0.0008389;0.00091748;0.000402;0.336;0.0008389;0.00014904;0.00007857;0.0008389;0.00007857;0.00091748;0.00091748;0.00014904;0.000444;0.01841;0.001679;1.909;0.336;0.348;0.000402;0.00007857;0.000402;0.00007857;0.00007857;1.909;0.00091748;0.9552;7.85747E-05;0.000402;0.000838901;0.000838901;7.85747E-05;0.000149036;0.000402
13;0.00083961;0.00083961;0.00007857;0.00083961;0.00083961;0.00091819;0.00007857;0.00000547;0.0000731;0.00015888;;0.000444;0.01841;0.000118;0.000402;0.001679;1.909;0.9552;0.336;0.348;0.00083961;0.00091819;0.000402;0.336;0.00083961;0.00015888;0.00007857;0.00083961;0.00007857;0.00091819;0.00091819;0.00015888;0.000444;0.01841;0.001679;1.909;0.336;0.348;0.000402;0.00007857;0.000402;0.00007857;0.00007857;1.909;0.00091819;0.9552;7.85747E-05;0.000402;0.000839613;0.000839613;7.85747E-05;0.00015888;0.000402
14;0.00084042;0.00084042;0.00007857;0.00084042;0.00084042;0.00091899;0.00007857;0.00000547;0.0000731;0.00016937;;0.000444;0.01841;0.000118;0.000402;0.001679;1.909;0.9552;0.336;0.348;0.00084042;0.00091899;0.000402;0.336;0.00084042;0.00016937;0.00007857;0.00084042;0.00007857;0.00091899;0.00091899;0.00016937;0.000444;0.01841;0.001679;1.909;0.336;0.348;0.000402;0.00007857;0.000402;0.00007857;0.00007857;1.909;0.00091899;0.9552;7.85747E-05;0.000402;0.00084042;0.00084042;7.85747E-05;0.000169374;0.000402
15;0.00084134;0.00084134;0.00007857;0.00084134;0.00084134;0.00091991;0.00007857;0.00000547;0.0000731;0.00018056;;0.000444;0.01841;0.000118;0.000402;0.001679;1.909;0.9552;0.336;0.348;0.00084134;0.00091991;0.000402;0.336;0.00084134;0.00018056;0.00007857;0.00084134;0.00007857;0.00091991;0.00091991;0.00018056;0.000444;0.01841;0.001679;1.909;0.336;0.348;0.000402;0.00007857;0.000402;0.00007857;0.00007857;1.909;0.00091991;0.9552;7.85747E-05;0.000402;0.000841336;0.000841336;7.85747E-05;0.000180561;0.000402
16;0.00084237;0.00084237;0.00007857;0.00084237;0.00084237;0.00092095;0.00007857;0.00000547;0.0000731;0.00019249;;0.000444;0.01841;0.000118;0.000402;0.001679;1.909;0.9552;0.336;0.348;0.00084237;0.00092095;0.000402;0.336;0.00084237;0.00019249;0.00007857;0.00084237;0.00007857;0.00092095;0.00092095;0.00019249;0.000444;0.01841;0.001679;1.909;0.336;0.348;0.000402;0.00007857;0.000402;0.00007857;0.00007857;1.909;0.00092095;0.9552;7.85747E-05;0.000402;0.000842374;0.000842374;7.85747E-05;0.000192487;0.000402
17;0.00084355;0.00084355;0.00007857;0.00084355;0.00084355;0.00092213;0.00007857;0.00000547;0.0000731;0.0002052;;0.000444;0.01841;0.000118;0.000402;0.001679;1.909;0.9552;0.336;0.348;0.00084355;0.00092213;0.000402;0.336;0.00084355;0.0002052;0.00007857;0.00084355;0.00007857;0.00092213;0.00092213;0.0002052;0.000444;0.01841;0.001679;1.909;0.336;0.348;0.000402;0.00007857;0.000402;0.00007857;0.00007857;1.909;0.00092213;0.9552;7.85747E-05;0.000402;0.000843551;0.000843551;7.85747E-05;0.000205201;0.000402
18;0.00084489;0.00084489;0.00007857;0.00084489;0.00084489;0.00092346;0.00007857;0.00000547;0.0000731;0.00021875;;0.000444;0.01841;0.000118;0.000402;0.001679;1.909;0.9552;0.336;0.348;0.00084489;0.00092346;0.000402;0.336;0.00084489;0.00021875;0.00007857;0.00084489;0.00007857;0.00092346;0.00092346;0.00021875;0.000444;0.01841;0.001679;1.909;0.336;0.348;0.000402;0.00007857;0.000402;0.00007857;0.00007857;1.909;0.00092346;0.9552;7.85747E-05;0.000402;0.000844886;0.000844886;7.85747E-05;0.000218755;0.000402
19;0.0008464;0.0008464;0.00007857;0.0008464;0.0008464;0.00092498;0.00007857;0.00000547;0.0000731;0.0002332;;0.000444;0.01841;0.000118;0.000402;0.001679;1.909;0.9552;0.336;0.348;0.0008464;0.00092498;0.000402;0.336;0.0008464;0.0002332;0.00007857;0.0008464;0.00007857;0.00092498;0.00092498;0.0002332;0.000444;0.01841;0.001679;1.909;0.336;0.348;0.000402;0.00007857;0.000402;0.00007857;0.00007857;1.909;0.00092498;0.9552;7.85747E-05;0.000402;0.0008464;0.0008464;7.85747E-05;0.000233204;0.000402
20;0.00084812;0.00084812;0.00007857;0.00084812;0.00084812;0.00092669;0.00007857;0.00000547;0.0000731;0.00024861;;0.000444;0.01841;0.000118;0.000402;0.001679;1.909;0.9552;0.336;0.348;0.00084812;0.00092669;0.000402;0.336;0.00084812;0.00024861;0.00007857;0.00084812;0.00007857;0.00092669;0.00092669;0.00024861;0.000444;0.01841;0.001679;1.909;0.336;0.348;0.000402;0.00007857;0.000402;0.00007857;0.00007857;1.909;0.00092669;0.9552;7.85747E-05;0.000402;0.000848118;0.000848118;7.85747E-05;0.000248607;0.000402
21;0.00085007;0.00085007;0.00008561;0.00085007;0.00085007;0.00093567;0.00008561;0.00001251;0.0000731;0.00026503;;0.000444;0.01841;0.000118;0.000402;0.001679;1.909;0.9552;0.336;0.348;0.00085007;0.00093567;0.000402;0.336;0.00085007;0.00026503;0.00008561;0.00085007;0.00008561;0.00093567;0.00093567;0.00026503;0.000444;0.01841;0.001679;1.909;0.336;0.348;0.000402;0.00008561;0.000402;0.00008561;0.00008561;1.909;0.00093567;0.9552;8.56064E-05;0.000402;0.000850065;0.000850065;8.56064E-05;0.000265027;0.000402
22;0.00085227;0.00085227;0.00009327;0.00085227;0.00085227;0.00094554;0.00009327;0.00002017;0.0000731;0.00028253;;0.000444;0.01841;0.000118;0.000402;0.001679;1.909;0.9552;0.336;0.348;0.00085227;0.00094554;0.000402;0.336;0.00085227;0.00028253;0.00009327;0.00085227;0.00009327;0.00094554;0.00094554;0.00028253;0.000444;0.01841;0.001679;1.909;0.336;0.348;0.000402;0.00009327;0.000402;0.00009327;0.00009327;1.909;0.00094554;0.9552;9.32673E-05;0.000402;0.000852274;0.000852274;9.32673E-05;0.000282532;0.000402
23;0.00085478;0.00085478;0.00010161;0.00085478;0.00085478;0.00095639;0.00010161;0.00002851;0.0000731;0.00030119;;0.000444;0.01841;0.000118;0.000402;0.001679;1.909;0.9552;0.336;0.348;0.00085478;0.00095639;0.000402;0.336;0.00085478;0.00030119;0.00010161;0.00085478;0.00010161;0.00095639;0.00095639;0.00030119;0.000444;0.01841;0.001679;1.909;0.336;0.348;0.000402;0.00010161;0.000402;0.00010161;0.00010161;1.909;0.00095639;0.9552;0.000101614;0.000402;0.000854778;0.000854778;0.000101614;0.000301193;0.000402
24;0.00085762;0.00085762;0.00011071;0.00085762;0.00085762;0.00096833;0.00011071;0.00003761;0.0000731;0.00032109;;0.000444;0.01841;0.000118;0.000402;0.001679;1.909;0.9552;0.336;0.348;0.00085762;0.00096833;0.000402;0.336;0.00085762;0.00032109;0.00011071;0.00085762;0.00011071;0.00096833;0.00096833;0.00032109;0.000444;0.01841;0.001679;1.909;0.336;0.348;0.000402;0.00011071;0.000402;0.00011071;0.00011071;1.909;0.00096833;0.9552;0.000110707;0.000402;0.000857618;0.000857618;0.000110707;0.000321087;0.000402
25;0.00086084;0.00086084;0.00012061;0.00086084;0.00086084;0.00098145;0.00012061;0.00004751;0.0000731;0.0003423;;0.000444;0.01841;0.000118;0.000402;0.001679;1.909;0.9552;0.336;0.348;0.00086084;0.00098145;0.000402;0.336;0.00086084;0.0003423;0.00012061;0.00086084;0.00012061;0.00098145;0.00098145;0.0003423;0.000444;0.01841;0.001679;1.909;0.336;0.348;0.000402;0.00012061;0.000402;0.00012061;0.00012061;1.909;0.00098145;0.9552;0.000120614;0.000402;0.00086084;0.00086084;0.000120614;0.000342295;0.000402
26;0.00086449;0.00086449;0.00013141;0.00086449;0.00086449;0.0009959;0.00013141;0.00005831;0.0000731;0.0003649;;0.000444;0.01841;0.000118;0.000402;0.001679;1.909;0.9552;0.336;0.348;0.00086449;0.0009959;0.000402;0.336;0.00086449;0.0003649;0.00013141;0.00086449;0.00013141;0.0009959;0.0009959;0.0003649;0.000444;0.01841;0.001679;1.909;0.336;0.348;0.000402;0.00013141;0.000402;0.00013141;0.00013141;1.909;0.0009959;0.9552;0.000131408;0.000402;0.000864493;0.000864493;0.000131408;0.000364904;0.000402
27;0.00086864;0.00086864;0.00014317;0.00086864;0.00086864;0.0010118;0.00014317;0.00007007;0.0000731;0.00038901;;0.000444;0.01841;0.000118;0.000402;0.001679;1.909;0.9552;0.336;0.348;0.00086864;0.0010118;0.000402;0.336;0.00086864;0.00038901;0.00014317;0.00086864;0.00014317;0.0010118;0.0010118;0.00038901;0.000444;0.01841;0.001679;1.909;0.336;0.348;0.000402;0.00014317;0.000402;0.00014317;0.00014317;1.909;0.0010118;0.9552;0.000143168;0.000402;0.000868635;0.000868635;0.000143168;0.000389005;0.000402
28;0.00087333;0.00087333;0.00015598;0.00087333;0.00087333;0.00102931;0.00015598;0.00008288;0.0000731;0.0004147;;0.000444;0.01841;0.000118;0.000402;0.001679;1.909;0.9552;0.336;0.348;0.00087333;0.00102931;0.000402;0.336;0.00087333;0.0004147;0.00015598;0.00087333;0.00015598;0.00102931;0.00102931;0.0004147;0.000444;0.01841;0.001679;1.909;0.336;0.348;0.000402;0.00015598;0.000402;0.00015598;0.00015598;1.909;0.00102931;0.9552;0.00015598;0.000402;0.000873333;0.000873333;0.00015598;0.000414699;0.000402
29;0.00087866;0.00087866;0.00016994;0.00087866;0.00087866;0.0010486;0.00016994;0.00009684;0.0000731;0.00044209;;0.000444;0.01841;0.000118;0.000402;0.001679;1.909;0.9552;0.336;0.348;0.00087866;0.0010486;0.000402;0.336;0.00087866;0.00044209;0.00016994;0.00087866;0.00016994;0.0010486;0.0010486;0.00044209;0.000444;0.01841;0.001679;1.909;0.336;0.348;0.000402;0.00016994;0.000402;0.00016994;0.00016994;1.909;0.0010486;0.9552;0.000169939;0.000402;0.000878661;0.000878661;0.000169939;0.00044209;0.000402
30;0.0008847;0.0008847;0.00018515;0.0008847;0.0008847;0.00106985;0.00018515;0.00011205;0.0000731;0.00047129;;0.000444;0.01841;0.000118;0.000402;0.001679;1.909;0.9552;0.336;0.348;0.0008847;0.00106985;0.000402;0.336;0.0008847;0.00047129;0.00018515;0.0008847;0.00018515;0.00106985;0.00106985;0.00047129;0.000444;0.01841;0.001679;1.909;0.336;0.348;0.000402;0.00018515;0.000402;0.00018515;0.00018515;1.909;0.00106985;0.9552;0.000185146;0.000402;0.000884704;0.000884704;0.000185146;0.00047129;0.000402
31;0.00089156;0.00089156;0.00020172;0.00089156;0.00089156;0.00109327;0.00020172;0.00012862;0.0000731;0.00050242;;0.000444;0.01841;0.000118;0.000402;0.001679;1.909;0.9552;0.336;0.348;0.00089156;0.00109327;0.000402;0.336;0.00089156;0.00050242;0.00020172;0.00089156;0.00020172;0.00109327;0.00109327;0.00050242;0.000444;0.01841;0.001679;1.909;0.336;0.348;0.000402;0.00020172;0.000402;0.00020172;0.00020172;1.909;0.00109327;0.9552;0.000201715;0.000402;0.000891556;0.000891556;0.000201715;0.000502419;0.000402
32;0.00089933;0.00089933;0.00021977;0.00089933;0.00089933;0.00111909;0.00021977;0.00014667;0.0000731;0.0005356;;0.000444;0.01841;0.000118;0.000402;0.001679;1.909;0.9552;0.336;0.348;0.00089933;0.00111909;0.000402;0.336;0.00089933;0.0005356;0.00021977;0.00089933;0.00021977;0.00111909;0.00111909;0.0005356;0.000444;0.01841;0.001679;1.909;0.336;0.348;0.000402;0.00021977;0.000402;0.00021977;0.00021977;1.909;0.00111909;0.9552;0.000219767;0.000402;0.000899327;0.000899327;0.000219767;0.000535604;0.000402
33;0.00090814;0.00090814;0.00023943;0.00090814;0.00090814;0.00114757;0.00023943;0.00016633;0.0000731;0.00057098;;0.000444;0.01841;0.000118;0.000402;0.001679;1.909;0.9552;0.336;0.348;0.00090814;0.00114757;0.000402;0.336;0.00090814;0.00057098;0.00023943;0.00090814;0.00023943;0.00114757;0.00114757;0.00057098;0.000444;0.01841;0.001679;1.909;0.336;0.348;0.000402;0.00023943;0.000402;0.00023943;0.00023943;1.909;0.00114757;0.9552;0.000239434;0.000402;0.00090814;0.00090814;0.000239434;0.00057098;0.000402
34;0.00091813;0.00091813;0.00026086;0.00091813;0.00091813;0.00117899;0.00026086;0.00018776;0.0000731;0.00060869;;0.000444;0.01841;0.000118;0.000402;0.001679;1.909;0.9552;0.336;0.348;0.00091813;0.00117899;0.000402;0.336;0.00091813;0.00060869;0.00026086;0.00091813;0.00026086;0.00117899;0.00117899;0.00060869;0.000444;0.01841;0.001679;1.909;0.336;0.348;0.000402;0.00026086;0.000402;0.00026086;0.00026086;1.909;0.00117899;0.9552;0.00026086;0.000402;0.000918134;0.000918134;0.00026086;0.000608694;0.000402
35;0.00092947;0.00092947;0.0002842;0.00092947;0.00092947;0.00121367;0.0002842;0.0002111;0.0000731;0.0006489;;0.000444;0.01841;0.000118;0.000402;0.001679;1.909;0.9552;0.336;0.348;0.00092947;0.00121367;0.000402;0.336;0.00092947;0.0006489;0.0002842;0.00092947;0.0002842;0.00121367;0.00121367;0.0006489;0.000444;0.01841;0.001679;1.909;0.336;0.348;0.000402;0.0002842;0.000402;0.0002842;0.0002842;1.909;0.00121367;0.9552;0.000284205;0.000402;0.000929469;0.000929469;0.000284205;0.000648898;0.000402
36;0.00094232;0.00094232;0.00030964;0.00094232;0.00094232;0.00125196;0.00030964;0.00023654;0.0000731;0.00069176;;0.000444;0.01841;0.000118;0.000402;0.001679;1.909;0.9552;0.336;0.348;0.00094232;0.00125196;0.000402;0.336;0.00094232;0.00069176;0.00030964;0.00094232;0.00030964;0.00125196;0.00125196;0.00069176;0.000444;0.01841;0.001679;1.909;0.336;0.348;0.000402;0.00030964;0.000402;0.00030964;0.00030964;1.909;0.00125196;0.9552;0.000309638;0.000402;0.000942323;0.000942323;0.000309638;0.000691757;0.000402
37;0.0009569;0.0009569;0.00033735;0.0009569;0.0009569;0.00129425;0.00033735;0.00026425;0.0000731;0.00073745;;0.000444;0.01841;0.000118;0.000402;0.001679;1.909;0.9552;0.336;0.348;0.0009569;0.00129425;0.000402;0.336;0.0009569;0.00073745;0.00033735;0.0009569;0.00033735;0.00129425;0.00129425;0.00073745;0.000444;0.01841;0.001679;1.909;0.336;0.348;0.000402;0.00033735;0.000402;0.00033735;0.00033735;1.909;0.00129425;0.9552;0.000337348;0.000402;0.0009569;0.0009569;0.000337348;0.000737448;0.000402
38;0.00097343;0.00097343;0.00036754;0.00097343;0.00097343;0.00134097;0.00036754;0.00029444;0.0000731;0.00078616;;0.000444;0.01841;0.000118;0.000402;0.001679;1.909;0.9552;0.336;0.348;0.00097343;0.00134097;0.000402;0.336;0.00097343;0.00078616;0.00036754;0.00097343;0.00036754;0.00134097;0.00134097;0.00078616;0.000444;0.01841;0.001679;1.909;0.336;0.348;0.000402;0.00036754;0.000402;0.00036754;0.00036754;1.909;0.00134097;0.9552;0.000367537;0.000402;0.000973431;0.000973431;0.000367537;0.000786156;0.000402
39;0.00099218;0.00099218;0.00040043;0.00099218;0.00099218;0.00139261;0.00040043;0.00032733;0.0000731;0.00083808;;0.000444;0.01841;0.000118;0.000402;0.001679;1.909;0.9552;0.336;0.348;0.00099218;0.00139261;0.000402;0.336;0.00099218;0.00083808;0.00040043;0.00099218;0.00040043;0.00139261;0.00139261;0.00083808;0.000444;0.01841;0.001679;1.909;0.336;0.348;0.000402;0.00040043;0.000402;0.00040043;0.00040043;1.909;0.00139261;0.9552;0.000400428;0.000402;0.000992179;0.000992179;0.000400428;0.000838082;0.000402
40;0.00101344;0.00101344;0.00043626;0.00101344;0.00101344;0.0014497;0.00043626;0.00036316;0.0000731;0.00089344;;0.000444;0.01841;0.000118;0.000402;0.001679;1.909;0.9552;0.336;0.348;0.00101344;0.0014497;0.000402;0.336;0.00101344;0.00089344;0.00043626;0.00101344;0.00043626;0.0014497;0.0014497;0.00089344;0.000444;0.01841;0.001679;1.909;0.336;0.348;0.000402;0.00043626;0.000402;0.00043626;0.00043626;1.909;0.0014497;0.9552;0.000436262;0.000402;0.00101344;0.00101344;0.000436262;0.000893437;0.000402
41;0.00103755;0.00103755;0.0004753;0.00103755;0.00103755;0.00151285;0.0004753;0.0004022;0.0000731;0.00095245;;0.000444;0.01841;0.000118;0.000402;0.001679;1.909;0.9552;0.336;0.348;0.00103755;0.00151285;0.000402;0.336;0.00103755;0.00095245;0.0004753;0.00103755;0.0004753;0.00151285;0.00151285;0.00095245;0.000444;0.01841;0.001679;1.909;0.336;0.348;0.000402;0.0004753;0.000402;0.0004753;0.0004753;1.909;0.00151285;0.9552;0.000475303;0.000402;0.001037551;0.001037551;0.000475303;0.000952449;0.000402
42;0.0010649;0.0010649;0.00051784;0.0010649;0.0010649;0.00158273;0.00051784;0.00044474;0.0000731;0.00101536;;0.000444;0.01841;0.000118;0.000402;0.001679;1.909;0.9552;0.336;0.348;0.0010649;0.00158273;0.000402;0.336;0.0010649;0.00101536;0.00051784;0.0010649;0.00051784;0.00158273;0.00158273;0.00101536;0.000444;0.01841;0.001679;1.909;0.336;0.348;0.000402;0.00051784;0.000402;0.00051784;0.00051784;1.909;0.00158273;0.9552;0.000517838;0.000402;0.001064896;0.001064896;0.000517838;0.001015358;0.000402
43;0.00109591;0.00109591;0.00056418;0.00109591;0.00109591;0.00166009;0.00056418;0.00049108;0.0000731;0.00108242;;0.000444;0.01841;0.000118;0.000402;0.001679;1.909;0.9552;0.336;0.348;0.00109591;0.00166009;0.000402;0.336;0.00109591;0.00108242;0.00056418;0.00109591;0.00056418;0.00166009;0.00166009;0.00108242;0.000444;0.01841;0.001679;1.909;0.336;0.348;0.000402;0.00056418;0.000402;0.00056418;0.00056418;1.909;0.00166009;0.9552;0.00056418;0.000402;0.001095906;0.001095906;0.00056418;0.001082423;0.000402
44;0.00113107;0.00113107;0.00061467;0.00113107;0.00113107;0.00174574;0.00061467;0.00054157;0.0000731;0.00115392;;0.000444;0.01841;0.000118;0.000402;0.001679;1.909;0.9552;0.336;0.348;0.00113107;0.00174574;0.000402;0.336;0.00113107;0.00115392;0.00061467;0.00113107;0.00061467;0.00174574;0.00174574;0.00115392;0.000444;0.01841;0.001679;1.909;0.336;0.348;0.000402;0.00061467;0.000402;0.00061467;0.00061467;1.909;0.00174574;0.9552;0.000614668;0.000402;0.001131073;0.001131073;0.000614668;0.001153917;0.000402
45;0.00117096;0.00117096;0.00066967;0.00117096;0.00117096;0.00184063;0.00066967;0.00059657;0.0000731;0.00123013;;0.000444;0.01841;0.000118;0.000402;0.001679;1.909;0.9552;0.336;0.348;0.00117096;0.00184063;0.000402;0.336;0.00117096;0.00123013;0.00066967;0.00117096;0.00066967;0.00184063;0.00184063;0.00123013;0.000444;0.01841;0.001679;1.909;0.336;0.348;0.000402;0.00066967;0.000402;0.00066967;0.00066967;1.909;0.00184063;0.9552;0.000669675;0.000402;0.001170955;0.001170955;0.000669675;0.001230133;0.000402
46;0.00121618;0.00121618;0.0007296;0.00121618;0.00121618;0.00194579;0.0007296;0.0006565;0.0000731;0.00131138;;0.000444;0.01841;0.000118;0.000402;0.001679;1.909;0.9552;0.336;0.348;0.00121618;0.00194579;0.000402;0.336;0.00121618;0.00131138;0.0007296;0.00121618;0.0007296;0.00194579;0.00194579;0.00131138;0.000444;0.01841;0.001679;1.909;0.336;0.348;0.000402;0.0007296;0.000402;0.0007296;0.0007296;1.909;0.00194579;0.9552;0.000729604;0.000402;0.001216184;0.001216184;0.000729604;0.001311383;0.000402
47;0.00126748;0.00126748;0.0007949;0.00126748;0.00126748;0.00206237;0.0007949;0.0007218;0.0000731;0.001398;;0.000444;0.01841;0.000118;0.000402;0.001679;1.909;0.9552;0.336;0.348;0.00126748;0.00206237;0.000402;0.336;0.00126748;0.001398;0.0007949;0.00126748;0.0007949;0.00206237;0.00206237;0.001398;0.000444;0.01841;0.001679;1.909;0.336;0.348;0.000402;0.0007949;0.000402;0.0007949;0.0007949;1.909;0.00206237;0.9552;0.000794896;0.000402;0.001267477;0.001267477;0.000794896;0.001398;0.000402
48;0.00132565;0.00132565;0.00086603;0.00132565;0.00132565;0.00219168;0.00086603;0.00079293;0.0000731;0.00149034;;0.000444;0.01841;0.000118;0.000402;0.001679;1.909;0.9552;0.336;0.348;0.00132565;0.00219168;0.000402;0.336;0.00132565;0.00149034;0.00086603;0.00132565;0.00086603;0.00219168;0.00219168;0.00149034;0.000444;0.01841;0.001679;1.909;0.336;0.348;0.000402;0.00086603;0.000402;0.00086603;0.00086603;1.909;0.00219168;0.9552;0.000866032;0.000402;0.001325646;0.001325646;0.000866032;0.001490338;0.000402
49;0.00139161;0.00139161;0.00094353;0.00139161;0.00139161;0.00233515;0.00094353;0.00087043;0.0000731;0.00158877;;0.000444;0.01841;0.000118;0.000402;0.001679;1.909;0.9552;0.336;0.348;0.00139161;0.00233515;0.000402;0.336;0.00139161;0.00158877;0.00094353;0.00139161;0.00094353;0.00233515;0.00233515;0.00158877;0.000444;0.01841;0.001679;1.909;0.336;0.348;0.000402;0.00094353;0.000402;0.00094353;0.00094353;1.909;0.00233515;0.9552;0.000943533;0.000402;0.001391614;0.001391614;0.000943533;0.001588775;0.000402
50;0.00146643;0.00146643;0.00102797;0.00146643;0.00146643;0.0024944;0.00102797;0.00095487;0.0000731;0.00169371;;0.000444;0.01841;0.000118;0.000402;0.001679;1.909;0.9552;0.336;0.348;0.00146643;0.0024944;0.000402;0.336;0.00146643;0.00169371;0.00102797;0.00146643;0.00102797;0.0024944;0.0024944;0.00169371;0.000444;0.01841;0.001679;1.909;0.336;0.348;0.000402;0.00102797;0.000402;0.00102797;0.00102797;1.909;0.0024944;0.9552;0.00102797;0.000402;0.001466426;0.001466426;0.00102797;0.001693713;0.000402
51;0.00155127;0.00155127;0.00111996;0.00155127;0.00155127;0.00267123;0.00111996;0.00104686;0.0000731;0.00180558;;0.000444;0.01841;0.000118;0.000402;0.001679;1.909;0.9552;0.336;0.348;0.00155127;0.00267123;0.000402;0.336;0.00155127;0.00180558;0.00111996;0.00155127;0.00111996;0.00267123;0.00267123;0.00180558;0.000444;0.01841;0.001679;1.909;0.336;0.348;0.000402;0.00111996;0.000402;0.00111996;0.00111996;1.909;0.00267123;0.9552;0.001119963;0.000402;0.001551267;0.001551267;0.001119963;0.001805583;0.000402
52;0.00164748;0.00164748;0.00122019;0.00164748;0.00164748;0.00286767;0.00122019;0.00114709;0.0000731;0.00192484;;0.000444;0.01841;0.000118;0.000402;0.001679;1.909;0.9552;0.336;0.348;0.00164748;0.00286767;0.000402;0.336;0.00164748;0.00192484;0.00122019;0.00164748;0.00122019;0.00286767;0.00286767;0.00192484;0.000444;0.01841;0.001679;1.909;0.336;0.348;0.000402;0.00122019;0.000402;0.00122019;0.00122019;1.909;0.00286767;0.9552;0.001220188;0.000402;0.001647484;0.001647484;0.001220188;0.001924842;0.000402
53;0.0017566;0.0017566;0.00132938;0.0017566;0.0017566;0.00308598;0.00132938;0.00125628;0.0000731;0.00205198;;0.000444;0.01841;0.000118;0.000402;0.001679;1.909;0.9552;0.336;0.348;0.0017566;0.00308598;0.000402;0.336;0.0017566;0.00205198;0.00132938;0.0017566;0.00132938;0.00308598;0.00308598;0.00205198;0.000444;0.01841;0.001679;1.909;0.336;0.348;0.000402;0.00132938;0.000402;0.00132938;0.00132938;1.909;0.00308598;0.9552;0.001329383;0.000402;0.001756599;0.001756599;0.001329383;0.002051977;0.000402
54;0.00188034;0.00188034;0.00144835;0.00188034;0.00188034;0.00332869;0.00144835;0.00137525;0.0000731;0.00218751;;0.000444;0.01841;0.000118;0.000402;0.001679;1.909;0.9552;0.336;0.348;0.00188034;0.00332869;0.000402;0.336;0.00188034;0.00218751;0.00144835;0.00188034;0.00144835;0.00332869;0.00332869;0.00218751;0.000444;0.01841;0.001679;1.909;0.336;0.348;0.000402;0.00144835;0.000402;0.00144835;0.00144835;1.909;0.00332869;0.9552;0.001448349;0.000402;0.001880343;0.001880343;0.001448349;0.00218751;0.000402
55;0.00202068;0.00202068;0.00157796;0.00202068;0.00202068;0.00359864;0.00157796;0.00150486;0.0000731;0.002332;;0.000444;0.01841;0.000118;0.000402;0.001679;1.909;0.9552;0.336;0.348;0.00202068;0.00359864;0.000402;0.336;0.00202068;0.002332;0.00157796;0.00202068;0.00157796;0.00359864;0.00359864;0.002332;0.000444;0.01841;0.001679;1.909;0.336;0.348;0.000402;0.00157796;0.000402;0.00157796;0.00157796;1.909;0.00359864;0.9552;0.001577962;0.000402;0.002020677;0.002020677;0.001577962;0.002331996;0.000402
56;0.00217983;0.00217983;0.00157796;0.00217983;0.00217983;0.00375779;0.00157796;0.00150486;0.0000731;0.00248602;;0.000444;0.01841;0.000118;0.000402;0.001679;1.909;0.9552;0.336;0.348;0.00217983;0.00375779;0.000402;0.336;0.00217983;0.00248602;0.00157796;0.00217983;0.00157796;0.00375779;0.00375779;0.00248602;0.000444;0.01841;0.001679;1.909;0.336;0.348;0.000402;0.00157796;0.000402;0.00157796;0.00157796;1.909;0.00375779;0.9552;0.001577962;0.000402;0.002179825;0.002179825;0.001577962;0.002486024;0.000402
57;0.00236031;0.00236031;0.00157796;0.00236031;0.00236031;0.00393827;0.00157796;0.00150486;0.0000731;0.00265023;;0.000444;0.01841;0.000118;0.000402;0.001679;1.909;0.9552;0.336;0.348;0.00236031;0.00393827;0.000402;0.336;0.00236031;0.00265023;0.00157796;0.00236031;0.00157796;0.00393827;0.00393827;0.00265023;0.000444;0.01841;0.001679;1.909;0.336;0.348;0.000402;0.00157796;0.000402;0.00157796;0.00157796;1.909;0.00393827;0.9552;0.001577962;0.000402;0.002360309;0.002360309;0.001577962;0.002650226;0.000402
58;0.00256499;0.00256499;0.00157796;0.00256499;0.00256499;0.00414295;0.00157796;0.00150486;0.0000731;0.00282527;;0.000444;0.01841;0.000118;0.000402;0.001679;1.909;0.9552;0.336;0.348;0.00256499;0.00414295;0.000402;0.336;0.00256499;0.00282527;0.00157796;0.00256499;0.00157796;0.00414295;0.00414295;0.00282527;0.000444;0.01841;0.001679;1.909;0.336;0.348;0.000402;0.00157796;0.000402;0.00157796;0.00157796;1.909;0.00414295;0.9552;0.001577962;0.000402;0.002564991;0.002564991;0.001577962;0.002825273;0.000402
59;0.00279711;0.00279711;0.00157796;0.00279711;0.00279711;0.00437507;0.00157796;0.00150486;0.0000731;0.00301188;;0.000444;0.01841;0.000118;0.000402;0.001679;1.909;0.9552;0.336;0.348;0.00279711;0.00437507;0.000402;0.336;0.00279711;0.00301188;0.00157796;0.00279711;0.00157796;0.00437507;0.00437507;0.00301188;0.000444;0.01841;0.001679;1.909;0.336;0.348;0.000402;0.00157796;0.000402;0.00157796;0.00157796;1.909;0.00437507;0.9552;0.001577962;0.000402;0.002797113;0.002797113;0.001577962;0.003011882;0.000402
60;0.00306035;0.00306035;0.00157796;0.00306035;0.00306035;0.00463832;0.00157796;0.00150486;0.0000731;0.00321082;;0.000444;0.01841;0.000118;0.000402;0.001679;1.909;0.9552;0.336;0.348;0.00306035;0.00463832;0.000402;0.336;0.00306035;0.00321082;0.00157796;0.00306035;0.00157796;0.00463832;0.00463832;0.00321082;0.000444;0.01841;0.001679;1.909;0.336;0.348;0.000402;0.00157796;0.000402;0.00157796;0.00157796;1.909;0.00463832;0.9552;0.001577962;0.000402;0.003060355;0.003060355;0.001577962;0.003210817;0.000402
61;0.00335889;0.00335889;0.00157796;0.00335889;0.00335889;0.00493685;0.00157796;0.00150486;0.0000731;0.00342289;;0.000444;0.01841;0.000118;0.000402;0.001679;1.909;0.9552;0.336;0.348;0.00335889;0.00493685;0.000402;0.336;0.00335889;0.00342289;0.00157796;0.00335889;0.00157796;0.00493685;0.00493685;0.00342289;0.000444;0.01841;0.001679;1.909;0.336;0.348;0.000402;0.00157796;0.000402;0.00157796;0.00157796;1.909;0.00493685;0.9552;0.001577962;0.000402;0.003358888;0.003358888;0.001577962;0.003422892;0.000402
62;0.00369745;0.00369745;0.00157796;0.00369745;0.00369745;0.00527541;0.00157796;0.00150486;0.0000731;0.00364897;;0.000444;0.01841;0.000118;0.000402;0.001679;1.909;0.9552;0.336;0.348;0.00369745;0.00527541;0.000402;0.336;0.00369745;0.00364897;0.00157796;0.00369745;0.00157796;0.00527541;0.00527541;0.00364897;0.000444;0.01841;0.001679;1.909;0.336;0.348;0.000402;0.00157796;0.000402;0.00157796;0.00157796;1.909;0.00527541;0.9552;0.001577962;0.000402;0.003697445;0.003697445;0.001577962;0.003648974;0.000402
63;0.00408139;0.00408139;0.00157796;0.00408139;0.00408139;0.00565935;0.00157796;0.00150486;0.0000731;0.0036498;;0.000444;0.01841;0.000118;0.000402;0.001679;1.909;0.9552;0.336;0.348;0.00408139;0.00565935;0.000402;0.336;0.00408139;0.0036498;0.00157796;0.00408139;0.00157796;0.00565935;0.00565935;0.0036498;0.000444;0.01841;0.001679;1.909;0.336;0.348;0.000402;0.00157796;0.000402;0.00157796;0.00157796;1.909;0.00565935;0.9552;0.001577962;0.000402;0.004081391;0.004081391;0.001577962;0.0036498;0.000402
64;0.00451681;0.00451681;0.00157796;0.00451681;0.00451681;0.00609477;0.00157796;0.00150486;0.0000731;0.0036498;;0.000444;0.01841;0.000118;0.000402;0.001679;1.909;0.9552;0.336;0.348;0.00451681;0.00609477;0.000402;0.336;0.00451681;0.0036498;0.00157796;0.00451681;0.00157796;0.00609477;0.00609477;0.0036498;0.000444;0.01841;0.001679;1.909;0.336;0.348;0.000402;0.00157796;0.000402;0.00157796;0.00157796;1.909;0.00609477;0.9552;0.001577962;0.000402;0.004516812;0.004516812;0.001577962;0.0036498;0.000402
65;0.00501061;0.00501061;0.00157796;0.00501061;0.00501061;0.00658857;0.00157796;0.00150486;0.0000731;0.0036498;;0.000444;0.01841;0.000118;0.000402;0.001679;1.909;0.9552;0.336;0.348;0.00501061;0.00658857;0.000402;0.336;0.00501061;0.0036498;0.00157796;0.00501061;0.00157796;0.00658857;0.00658857;0.0036498;0.000444;0.01841;0.001679;1.909;0.336;0.348;0.000402;0.00157796;0.000402;0.00157796;0.00157796;1.909;0.00658857;0.9552;0.001577962;0.000402;0.005010607;0.005010607;0.001577962;0.0036498;0.000402
66;0.0055706;0.0055706;0.00157796;0.0055706;0.0055706;0.00714857;0.00157796;0.00150486;0.0000731;0.0036498;;0.000444;0.01841;0.000118;0.000402;0.001679;1.909;0.9552;0.336;0.348;0.0055706;0.00714857;0.000402;0.336;0.0055706;0.0036498;0.00157796;0.0055706;0.00157796;0.00714857;0.00714857;0.0036498;0.000444;0.01841;0.001679;1.909;0.336;0.348;0.000402;0.00157796;0.000402;0.00157796;0.00157796;1.909;0.00714857;0.9552;0.001577962;0.000402;0.005570604;0.005570604;0.001577962;0.0036498;0.000402
67;0.00620568;0.00620568;0.00157796;0.00620568;0.00620568;0.00778364;0.00157796;0.00150486;0.0000731;0.0036498;;0.000444;0.01841;0.000118;0.000402;0.001679;1.909;0.9552;0.336;0.348;0.00620568;0.00778364;0.000402;0.336;0.00620568;0.0036498;0.00157796;0.00620568;0.00157796;0.00778364;0.00778364;0.0036498;0.000444;0.01841;0.001679;1.909;0.336;0.348;0.000402;0.00157796;0.000402;0.00157796;0.00157796;1.909;0.00778364;0.9552;0.001577962;0.000402;0.006205677;0.006205677;0.001577962;0.0036498;0.000402
68;0.00692589;0.00692589;0.00157796;0.00692589;0.00692589;0.00850385;0.00157796;0.00150486;0.0000731;0.0036498;;0.000444;0.01841;0.000118;0.000402;0.001679;1.909;0.9552;0.336;0.348;0.00692589;0.00850385;0.000402;0.336;0.00692589;0.0036498;0.00157796;0.00692589;0.00157796;0.00850385;0.00850385;0.0036498;0.000444;0.01841;0.001679;1.909;0.336;0.348;0.000402;0.00157796;0.000402;0.00157796;0.00157796;1.909;0.00850385;0.9552;0.001577962;0.000402;0.006925892;0.006925892;0.001577962;0.0036498;0.000402
69;0.00774266;0.00774266;0.00157796;0.00774266;0.00774266;0.00932063;0.00157796;0.00150486;0.0000731;0.0036498;;0.000444;0.01841;0.000118;0.000402;0.001679;1.909;0.9552;0.336;0.348;0.00774266;0.00932063;0.000402;0.336;0.00774266;0.0036498;0.00157796;0.00774266;0.00157796;0.00932063;0.00932063;0.0036498;0.000444;0.01841;0.001679;1.909;0.336;0.348;0.000402;0.00157796;0.000402;0.00157796;0.00157796;1.909;0.00932063;0.9552;0.001577962;0.000402;0.007742664;0.007742664;0.001577962;0.0036498;0.000402
70;0.00866894;0.00866894;0.00157796;0.00866894;0.00866894;0.0102469;0.00157796;0.00150486;0.0000731;0.0036498;;0.000444;0.01841;0.000118;0.000402;0.001679;1.909;0.9552;0.336;0.348;0.00866894;0.0102469;0.000402;0.336;0.00866894;0.0036498;0.00157796;0.00866894;0.00157796;0.0102469;0.0102469;0.0036498;0.000444;0.01841;0.001679;1.909;0.336;0.348;0.000402;0.00157796;0.000402;0.00157796;0.00157796;1.909;0.0102469;0.9552;0.001577962;0.000402;0.008668938;0.008668938;0.001577962;0.0036498;0.000402
71;0.00971939;0.00971939;0.00157796;0.00971939;0.00971939;0.01129735;0.00157796;0.00150486;0.0000731;0.0036498;;0.000444;0.01841;0.000118;0.000402;0.001679;1.909;0.9552;0.336;0.348;0.00971939;0.01129735;0.000402;0.336;0.00971939;0.0036498;0.00157796;0.00971939;0.00157796;0.01129735;0.01129735;0.0036498;0.000444;0.01841;0.001679;1.909;0.336;0.348;0.000402;0.00157796;0.000402;0.00157796;0.00157796;1.909;0.01129735;0.9552;0.001577962;0.000402;0.009719393;0.009719393;0.001577962;0.0036498;0.000402
72;0.01091068;0.01091068;0.00157796;0.01091068;0.01091068;0.01248864;0.00157796;0.00150486;0.0000731;0.0036498;;0.000444;0.01841;0.000118;0.000402;0.001679;1.909;0.9552;0.336;0.348;0.01091068;0.01248864;0.000402;0.336;0.01091068;0.0036498;0.00157796;0.01091068;0.00157796;0.01248864;0.01248864;0.0036498;0.000444;0.01841;0.001679;1.909;0.336;0.348;0.000402;0.00157796;0.000402;0.00157796;0.00157796;1.909;0.01248864;0.9552;0.001577962;0.000402;0.010910679;0.010910679;0.001577962;0.0036498;0.000402
73;0.01226168;0.01226168;0.00157796;0.01226168;0.01226168;0.01383964;0.00157796;0.00150486;0.0000731;0.0036498;;0.000444;0.01841;0.000118;0.000402;0.001679;1.909;0.9552;0.336;0.348;0.01226168;0.01383964;0.000402;0.336;0.01226168;0.0036498;0.00157796;0.01226168;0.00157796;0.01383964;0.01383964;0.0036498;0.000444;0.01841;0.001679;1.909;0.336;0.348;0.000402;0.00157796;0.000402;0.00157796;0.00157796;1.909;0.01383964;0.9552;0.001577962;0.000402;0.012261676;0.012261676;0.001577962;0.0036498;0.000402
74;0.0137938;0.0137938;0.00157796;0.0137938;0.0137938;0.01537176;0.00157796;0.00150486;0.0000731;0.0036498;;0.000444;0.01841;0.000118;0.000402;0.001679;1.909;0.9552;0.336;0.348;0.0137938;0.01537176;0.000402;0.336;0.0137938;0.0036498;0.00157796;0.0137938;0.00157796;0.01537176;0.01537176;0.0036498;0.000444;0.01841;0.001679;1.909;0.336;0.348;0.000402;0.00157796;0.000402;0.00157796;0.00157796;1.909;0.01537176;0.9552;0.001577962;0.000402;0.013793796;0.013793796;0.001577962;0.0036498;0.000402
75;0.01553132;0.01553132;0.00157796;0.01553132;0.01553132;0.01710928;0.00157796;0.00150486;0.0000731;0.0036498;;0.000444;0.01841;0.000118;0.000402;0.001679;1.909;0.9552;0.336;0.348;0.01553132;0.01710928;0.000402;0.336;0.01553132;0.0036498;0.00157796;0.01553132;0.00157796;0.01710928;0.01710928;0.0036498;0.000444;0.01841;0.001679;1.909;0.336;0.348;0.000402;0.00157796;0.000402;0.00157796;0.00157796;1.909;0.01710928;0.9552;0.001577962;0.000402;0.015531322;0.015531322;0.001577962;0.0036498;0.000402
76;0.01750179;0.01750179;0.00157796;0.01750179;0.01750179;0.01907975;0.00157796;0.00150486;0.0000731;0.0036498;;0.000444;0.01841;0.000118;0.000402;0.001679;1.909;0.9552;0.336;0.348;0.01750179;0.01907975;0.000402;0.336;0.01750179;0.0036498;0.00157796;0.01750179;0.00157796;0.01907975;0.01907975;0.0036498;0.000444;0.01841;0.001679;1.909;0.336;0.348;0.000402;0.00157796;0.000402;0.00157796;0.00157796;1.909;0.01907975;0.9552;0.001577962;0.000402;0.017501791;0.017501791;0.001577962;0.0036498;0.000402
77;0.01973643;0.01973643;0.00157796;0.01973643;0.01973643;0.0213144;0.00157796;0.00150486;0.0000731;0.0036498;;0.000444;0.01841;0.000118;0.000402;0.001679;1.909;0.9552;0.336;0.348;0.01973643;0.0213144;0.000402;0.336;0.01973643;0.0036498;0.00157796;0.01973643;0.00157796;0.0213144;0.0213144;0.0036498;0.000444;0.01841;0.001679;1.909;0.336;0.348;0.000402;0.00157796;0.000402;0.00157796;0.00157796;1.909;0.0213144;0.9552;0.001577962;0.000402;0.019736434;0.019736434;0.001577962;0.0036498;0.000402
78;0.02227067;0.02227067;0.00157796;0.02227067;0.02227067;0.02384863;0.00157796;0.00150486;0.0000731;0.0036498;;0.000444;0.01841;0.000118;0.000402;0.001679;1.909;0.9552;0.336;0.348;0.02227067;0.02384863;0.000402;0.336;0.02227067;0.0036498;0.00157796;0.02227067;0.00157796;0.02384863;0.02384863;0.0036498;0.000444;0.01841;0.001679;1.909;0.336;0.348;0.000402;0.00157796;0.000402;0.00157796;0.00157796;1.909;0.02384863;0.9552;0.001577962;0.000402;0.022270667;0.022270667;0.001577962;0.0036498;0.000402
79;0.02514466;0.02514466;0.00157796;0.02514466;0.02514466;0.02672262;0.00157796;0.00150486;0.0000731;0.0036498;;0.000444;0.01841;0.000118;0.000402;0.001679;1.909;0.9552;0.336;0.348;0.02514466;0.02672262;0.000402;0.336;0.02514466;0.0036498;0.00157796;0.02514466;0.00157796;0.02672262;0.02672262;0.0036498;0.000444;0.01841;0.001679;1.909;0.336;0.348;0.000402;0.00157796;0.000402;0.00157796;0.00157796;1.909;0.02672262;0.9552;0.001577962;0.000402;0.025144655;0.025144655;0.001577962;0.0036498;0.000402
80;0.02840395;0.02840395;0.00157796;0.02840395;0.02840395;0.02998191;0.00157796;0.00150486;0.0000731;0.0036498;;0.000444;0.01841;0.000118;0.000402;0.001679;1.909;0.9552;0.336;0.348;0.02840395;0.02998191;0.000402;0.336;0.02840395;0.0036498;0.00157796;0.02840395;0.00157796;0.02998191;0.02998191;0.0036498;0.000444;0.01841;0.001679;1.909;0.336;0.348;0.000402;0.00157796;0.000402;0.00157796;0.00157796;1.909;0.02998191;0.9552;0.001577962;0.000402;0.028403948;0.028403948;0.001577962;0.0036498;0.000402
81;0.0321002;0.0321002;0.00157796;0.0321002;0.0321002;0.03367816;0.00157796;0.00150486;0.0000731;0.0036498;;0.000444;0.01841;0.000118;0.000402;0.001679;1.909;0.9552;0.336;0.348;0.0321002;0.03367816;0.000402;0.336;0.0321002;0.0036498;0.00157796;0.0321002;0.00157796;0.03367816;0.03367816;0.0036498;0.000444;0.01841;0.001679;1.909;0.336;0.348;0.000402;0.00157796;0.000402;0.00157796;0.00157796;1.909;0.03367816;0.9552;0.001577962;0.000402;0.032100202;0.032100202;0.001577962;0.0036498;0.000402
82;0.036292;0.036292;0.00157796;0.036292;0.036292;0.03786996;0.00157796;0.00150486;0.0000731;0.0036498;;0.000444;0.01841;0.000118;0.000402;0.001679;1.909;0.9552;0.336;0.348;0.036292;0.03786996;0.000402;0.336;0.036292;0.0036498;0.00157796;0.036292;0.00157796;0.03786996;0.03786996;0.0036498;0.000444;0.01841;0.001679;1.909;0.336;0.348;0.000402;0.00157796;0.000402;0.00157796;0.00157796;1.909;0.03786996;0.9552;0.001577962;0.000402;0.036291999;0.036291999;0.001577962;0.0036498;0.000402
83;0.04104577;0.04104577;0.00157796;0.04104577;0.04104577;0.04262374;0.00157796;0.00150486;0.0000731;0.0036498;;0.000444;0.01841;0.000118;0.000402;0.001679;1.909;0.9552;0.336;0.348;0.04104577;0.04262374;0.000402;0.336;0.04104577;0.0036498;0.00157796;0.04104577;0.00157796;0.04262374;0.04262374;0.0036498;0.000444;0.01841;0.001679;1.909;0.336;0.348;0.000402;0.00157796;0.000402;0.00157796;0.00157796;1.909;0.04262374;0.9552;0.001577962;0.000402;0.041045774;0.041045774;0.001577962;0.0036498;0.000402
84;0.04643687;0.04643687;0.00157796;0.04643687;0.04643687;0.04801483;0.00157796;0.00150486;0.0000731;0.0036498;;0.000444;0.01841;0.000118;0.000402;0.001679;1.909;0.9552;0.336;0.348;0.04643687;0.04801483;0.000402;0.336;0.04643687;0.0036498;0.00157796;0.04643687;0.00157796;0.04801483;0.04801483;0.0036498;0.000444;0.01841;0.001679;1.909;0.336;0.348;0.000402;0.00157796;0.000402;0.00157796;0.00157796;1.909;0.04801483;0.9552;0.001577962;0.000402;0.046436871;0.046436871;0.001577962;0.0036498;0.000402
85;0.05255073;0.05255073;0.00157796;0.05255073;0.05255073;0.05412869;0.00157796;0.00150486;0.0000731;0.0036498;;0.000444;0.01841;0.000118;0.000402;0.001679;1.909;0.9552;0.336;0.348;0.05255073;0.05412869;0.000402;0.336;0.05255073;0.0036498;0.00157796;0.05255073;0.00157796;0.05412869;0.05412869;0.0036498;0.000444;0.01841;0.001679;1.909;0.336;0.348;0.000402;0.00157796;0.000402;0.00157796;0.00157796;1.909;0.05412869;0.9552;0.001577962;0.000402;0.052550731;0.052550731;0.001577962;0.0036498;0.000402
86;0.05948425;0.05948425;0.00157796;0.05948425;0.05948425;0.06106221;0.00157796;0.00150486;0.0000731;0.0036498;;0.000444;0.01841;0.000118;0.000402;0.001679;1.909;0.9552;0.336;0.348;0.05948425;0.06106221;0.000402;0.336;0.05948425;0.0036498;0.00157796;0.05948425;0.00157796;0.06106221;0.06106221;0.0036498;0.000444;0.01841;0.001679;1.909;0.336;0.348;0.000402;0.00157796;0.000402;0.00157796;0.00157796;1.909;0.06106221;0.9552;0.001577962;0.000402;0.059484253;0.059484253;0.001577962;0.0036498;0.000402
87;0.06734733;0.06734733;0.00157796;0.06734733;0.06734733;0.06892529;0.00157796;0.00150486;0.0000731;0.0036498;;0.000444;0.01841;0.000118;0.000402;0.001679;1.909;0.9552;0.336;0.348;0.06734733;0.06892529;0.000402;0.336;0.06734733;0.0036498;0.00157796;0.06734733;0.00157796;0.06892529;0.06892529;0.0036498;0.000444;0.01841;0.001679;1.909;0.336;0.348;0.000402;0.00157796;0.000402;0.00157796;0.00157796;1.909;0.06892529;0.9552;0.001577962;0.000402;0.067347327;0.067347327;0.001577962;0.0036498;0.000402
88;0.07626457;0.07626457;0.00157796;0.07626457;0.07626457;0.07784253;0.00157796;0.00150486;0.0000731;0.0036498;;0.000444;0.01841;0.000118;0.000402;0.001679;1.909;0.9552;0.336;0.348;0.07626457;0.07784253;0.000402;0.336;0.07626457;0.0036498;0.00157796;0.07626457;0.00157796;0.07784253;0.07784253;0.0036498;0.000444;0.01841;0.001679;1.909;0.336;0.348;0.000402;0.00157796;0.000402;0.00157796;0.00157796;1.909;0.07784253;0.9552;0.001577962;0.000402;0.076264573;0.076264573;0.001577962;0.0036498;0.000402
89;0.08637732;0.08637732;0.00157796;0.08637732;0.08637732;0.08795528;0.00157796;0.00150486;0.0000731;0.0036498;;0.000444;0.01841;0.000118;0.000402;0.001679;1.909;0.9552;0.336;0.348;0.08637732;0.08795528;0.000402;0.336;0.08637732;0.0036498;0.00157796;0.08637732;0.00157796;0.08795528;0.08795528;0.0036498;0.000444;0.01841;0.001679;1.909;0.336;0.348;0.000402;0.00157796;0.000402;0.00157796;0.00157796;1.909;0.08795528;0.9552;0.001577962;0.000402;0.086377321;0.086377321;0.001577962;0.0036498;0.000402
90;0.09784585;0.09784585;0.00157796;0.09784585;0.09784585;0.09942381;0.00157796;0.00150486;0.0000731;0.0036498;;0.000444;0.01841;0.000118;0.000402;0.001679;1.909;0.9552;0.336;0.348;0.09784585;0.09942381;0.000402;0.336;0.09784585;0.0036498;0.00157796;0.09784585;0.00157796;0.09942381;0.09942381;0.0036498;0.000444;0.01841;0.001679;1.909;0.336;0.348;0.000402;0.00157796;0.000402;0.00157796;0.00157796;1.909;0.09942381;0.9552;0.001577962;0.000402;0.097845847;0.097845847;0.001577962;0.0036498;0.000402
91;0.11085192;0.11085192;0.00157796;0.11085192;0.11085192;0.11242988;0.00157796;0.00150486;0.0000731;0.0036498;;0.000444;0.01841;0.000118;0.000402;0.001679;1.909;0.9552;0.336;0.348;0.11085192;0.11242988;0.000402;0.336;0.11085192;0.0036498;0.00157796;0.11085192;0.00157796;0.11242988;0.11242988;0.0036498;0.000444;0.01841;0.001679;1.909;0.336;0.348;0.000402;0.00157796;0.000402;0.00157796;0.00157796;1.909;0.11242988;0.9552;0.001577962;0.000402;0.110851915;0.110851915;0.001577962;0.0036498;0.000402
92;0.12560166;0.12560166;0.00157796;0.12560166;0.12560166;0.12717962;0.00157796;0.00150486;0.0000731;0.0036498;;0.000444;0.01841;0.000118;0.000402;0.001679;1.909;0.9552;0.336;0.348;0.12560166;0.12717962;0.000402;0.336;0.12560166;0.0036498;0.00157796;0.12560166;0.00157796;0.12717962;0.12717962;0.0036498;0.000444;0.01841;0.001679;1.909;0.336;0.348;0.000402;0.00157796;0.000402;0.00157796;0.00157796;1.909;0.12717962;0.9552;0.001577962;0.000402;0.125601658;0.125601658;0.001577962;0.0036498;0.000402
93;0.14232884;0.14232884;0.00157796;0.14232884;0.14232884;0.14390681;0.00157796;0.00150486;0.0000731;0.0036498;;0.000444;0.01841;0.000118;0.000402;0.001679;1.909;0.9552;0.336;0.348;0.14232884;0.14390681;0.000402;0.336;0.14232884;0.0036498;0.00157796;0.14232884;0.00157796;0.14390681;0.14390681;0.0036498;0.000444;0.01841;0.001679;1.909;0.336;0.348;0.000402;0.00157796;0.000402;0.00157796;0.00157796;1.909;0.14390681;0.9552;0.001577962;0.000402;0.142328844;0.142328844;0.001577962;0.0036498;0.000402
94;0.16129858;0.16129858;0.00157796;0.16129858;0.16129858;0.16287654;0.00157796;0.00150486;0.0000731;0.0036498;;0.000444;0.01841;0.000118;0.000402;0.001679;1.909;0.9552;0.336;0.348;0.16129858;0.16287654;0.000402;0.336;0.16129858;0.0036498;0.00157796;0.16129858;0.00157796;0.16287654;0.16287654;0.0036498;0.000444;0.01841;0.001679;1.909;0.336;0.348;0.000402;0.00157796;0.000402;0.00157796;0.00157796;1.909;0.16287654;0.9552;0.001577962;0.000402;0.16129858;0.16129858;0.001577962;0.0036498;0.000402
95;0.18281152;0.18281152;0.00157796;0.18281152;0.18281152;0.18438948;0.00157796;0.00150486;0.0000731;0.0036498;;0.000444;0.01841;0.000118;0.000402;0.001679;1.909;0.9552;0.336;0.348;0.18281152;0.18438948;0.000402;0.336;0.18281152;0.0036498;0.00157796;0.18281152;0.00157796;0.18438948;0.18438948;0.0036498;0.000444;0.01841;0.001679;1.909;0.336;0.348;0.000402;0.00157796;0.000402;0.00157796;0.00157796;1.909;0.18438948;0.9552;0.001577962;0.000402;0.182811518;0.182811518;0.001577962;0.0036498;0.000402
96;0.20720861;0.20720861;0.00157796;0.20720861;0.20720861;0.20878658;0.00157796;0.00150486;0.0000731;0.0036498;;0.000444;0.01841;0.000118;0.000402;0.001679;1.909;0.9552;0.336;0.348;0.20720861;0.20878658;0.000402;0.336;0.20720861;0.0036498;0.00157796;0.20720861;0.00157796;0.20878658;0.20878658;0.0036498;0.000444;0.01841;0.001679;1.909;0.336;0.348;0.000402;0.00157796;0.000402;0.00157796;0.00157796;1.909;0.20878658;0.9552;0.001577962;0.000402;0.207208614;0.207208614;0.001577962;0.0036498;0.000402
97;0.23487654;0.23487654;0.00157796;0.23487654;0.23487654;0.2364545;0.00157796;0.00150486;0.0000731;0.0036498;;0.000444;0.01841;0.000118;0.000402;0.001679;1.909;0.9552;0.336;0.348;0.23487654;0.2364545;0.000402;0.336;0.23487654;0.0036498;0.00157796;0.23487654;0.00157796;0.2364545;0.2364545;0.0036498;0.000444;0.01841;0.001679;1.909;0.336;0.348;0.000402;0.00157796;0.000402;0.00157796;0.00157796;1.909;0.2364545;0.9552;0.001577962;0.000402;0.234876537;0.234876537;0.001577962;0.0036498;0.000402
98;0.26625379;0.26625379;0.00157796;0.26625379;0.26625379;0.26783176;0.00157796;0.00150486;0.0000731;0.0036498;;0.000444;0.01841;0.000118;0.000402;0.001679;1.909;0.9552;0.336;0.348;0.26625379;0.26783176;0.000402;0.336;0.26625379;0.0036498;0.00157796;0.26625379;0.00157796;0.26783176;0.26783176;0.0036498;0.000444;0.01841;0.001679;1.909;0.336;0.348;0.000402;0.00157796;0.000402;0.00157796;0.00157796;1.909;0.26783176;0.9552;0.001577962;0.000402;0.266253795;0.266253795;0.001577962;0.0036498;0.000402
99;0.30183768;0.30183768;0.00157796;0.30183768;0.30183768;0.30341565;0.00157796;0.00150486;0.0000731;0.0036498;;0.000444;0.01841;0.000118;0.000402;0.001679;1.909;0.9552;0.336;0.348;0.30183768;0.30341565;0.000402;0.336;0.30183768;0.0036498;0.00157796;0.30183768;0.00157796;0.30341565;0.30341565;0.0036498;0.000444;0.01841;0.001679;1.909;0.336;0.348;0.000402;0.00157796;0.000402;0.00157796;0.00157796;1.909;0.30341565;0.9552;0.001577962;0.000402;0.301837683;0.301837683;0.001577962;0.0036498;0.000402
100;0.34219217;0.34219217;0.00157796;0.34219217;0.34219217;0.34377013;0.00157796;0.00150486;0.0000731;0.0036498;;0.000444;0.01841;0.000118;0.000402;0.001679;1.909;0.9552;0.336;0.348;0.34219217;0.34377013;0.000402;0.336;0.34219217;0.0036498;0.00157796;0.34219217;0.00157796;0.34377013;0.34377013;0.0036498;0.000444;0.01841;0.001679;1.909;0.336;0.348;0.000402;0.00157796;0.000402;0.00157796;0.00157796;1.909;0.34377013;0.9552;0.001577962;0.000402;0.34219217;0.34219217;0.001577962;0.0036498;0.000402
101;0.38795683;0.38795683;0.00157796;0.38795683;0.38795683;0.38953479;0.00157796;0.00150486;0.0000731;0.0036498;;0.000444;0.01841;0.000118;0.000402;0.001679;1.909;0.9552;0.336;0.348;0.38795683;0.38953479;0.000402;0.336;0.38795683;0.0036498;0.00157796;0.38795683;0.00157796;0.38953479;0.38953479;0.0036498;0.000444;0.01841;0.001679;1.909;0.336;0.348;0.000402;0.00157796;0.000402;0.00157796;0.00157796;1.909;0.38953479;0.9552;0.001577962;0.000402;0.387956831;0.387956831;0.001577962;0.0036498;0.000402
102;0.43985699;0.43985699;0.00157796;0.43985699;0.43985699;0.44143495;0.00157796;0.00150486;0.0000731;0.0036498;;0.000444;0.01841;0.000118;0.000402;0.001679;1.909;0.9552;0.336;0.348;0.43985699;0.44143495;0.000402;0.336;0.43985699;0.0036498;0.00157796;0.43985699;0.00157796;0.44143495;0.44143495;0.0036498;0.000444;0.01841;0.001679;1.909;0.336;0.348;0.000402;0.00157796;0.000402;0.00157796;0.00157796;1.909;0.44143495;0.9552;0.001577962;0.000402;0.439856988;0.439856988;0.001577962;0.0036498;0.000402
103;0.4987152;0.4987152;0.00157796;0.4987152;0.4987152;0.50029317;0.00157796;0.00150486;0.0000731;0.0036498;;0.000444;0.01841;0.000118;0.000402;0.001679;1.909;0.9552;0.336;0.348;0.4987152;0.50029317;0.000402;0.336;0.4987152;0.0036498;0.00157796;0.4987152;0.00157796;0.50029317;0.50029317;0.0036498;0.000444;0.01841;0.001679;1.909;0.336;0.348;0.000402;0.00157796;0.000402;0.00157796;0.00157796;1.909;0.50029317;0.9552;0.001577962;0.000402;0.498715204;0.498715204;0.001577962;0.0036498;0.000402
104;0.56546432;0.56546432;0.00157796;0.56546432;0.56546432;0.56704228;0.00157796;0.00150486;0.0000731;0.0036498;;0.000444;0.01841;0.000118;0.000402;0.001679;1.909;0.9552;0.336;0.348;0.56546432;0.56704228;0.000402;0.336;0.56546432;0.0036498;0.00157796;0.56546432;0.00157796;0.56704228;0.56704228;0.0036498;0.000444;0.01841;0.001679;1.909;0.336;0.348;0.000402;0.00157796;0.000402;0.00157796;0.00157796;1.909;0.56704228;0.9552;0.001577962;0.000402;0.56546432;0.56546432;0.001577962;0.0036498;0.000402
105;0.64116224;0.64116224;0.00157796;0.64116224;0.64116224;0.6427402;0.00157796;0.00150486;0.0000731;0.0036498;;0.000444;0.01841;0.000118;0.000402;0.001679;1.909;0.9552;0.336;0.348;0.64116224;0.6427402;0.000402;0.336;0.64116224;0.0036498;0.00157796;0.64116224;0.00157796;0.6427402;0.6427402;0.0036498;0.000444;0.01841;0.001679;1.909;0.336;0.348;0.000402;0.00157796;0.000402;0.00157796;0.00157796;1.909;0.6427402;0.9552;0.001577962;0.000402;0.641162239;0.641162239;0.001577962;0.0036498;0.000402
106;0.72700869;0.72700869;0.00157796;0.72700869;0.72700869;0.72858665;0.00157796;0.00150486;0.0000731;0.0036498;;0.000444;0.01841;0.000118;0.000402;0.001679;1.909;0.9552;0.336;0.348;0.72700869;0.72858665;0.000402;0.336;0.72700869;0.0036498;0.00157796;0.72700869;0.00157796;0.72858665;0.72858665;0.0036498;0.000444;0.01841;0.001679;1.909;0.336;0.348;0.000402;0.00157796;0.000402;0.00157796;0.00157796;1.909;0.72858665;0.9552;0.001577962;0.000402;0.727008693;0.727008693;0.001577962;0.0036498;0.000402
107;0.82436426;0.82436426;0.00157796;0.82436426;0.82436426;0.82594222;0.00157796;0.00150486;0.0000731;0.0036498;;0.000444;0.01841;0.000118;0.000402;0.001679;1.909;0.9552;0.336;0.348;0.82436426;0.82594222;0.000402;0.336;0.82436426;0.0036498;0.00157796;0.82436426;0.00157796;0.82594222;0.82594222;0.0036498;0.000444;0.01841;0.001679;1.909;0.336;0.348;0.000402;0.00157796;0.000402;0.00157796;0.00157796;1.909;0.82594222;0.9552;0.001577962;0.000402;0.824364258;0.824364258;0.001577962;0.0036498;0.000402
108;0.93477192;0.93477192;0.00157796;0.93477192;0.93477192;0.93634988;0.00157796;0.00150486;0.0000731;0.0036498;;0.000444;0.01841;0.000118;0.000402;0.001679;1.909;0.9552;0.336;0.348;0.93477192;0.93634988;0.000402;0.336;0.93477192;0.0036498;0.00157796;0.93477192;0.00157796;0.93634988;0.93634988;0.0036498;0.000444;0.01841;0.001679;1.909;0.336;0.348;0.000402;0.00157796;0.000402;0.00157796;0.00157796;1.909;0.93634988;0.9552;0.001577962;0.000402;0.934771918;0.934771918;0.001577962;0.0036498;0.000402
109;1.05998152;1.05998152;0.00157796;1.05998152;1.05998152;1.06155948;0.00157796;0.00150486;0.0000731;0.0036498;;0.000444;0.01841;0.000118;0.000402;0.001679;1.909;0.9552;0.336;0.348;1.05998152;1.06155948;0.000402;0.336;1.05998152;0.0036498;0.00157796;1.05998152;0.00157796;1.06155948;1.06155948;0.0036498;0.000444;0.01841;0.001679;1.909;0.336;0.348;0.000402;0.00157796;0.000402;0.00157796;0.00157796;1.909;1.06155948;0.9552;0.001577962;0.000402;1.059981518;1.059981518;0.001577962;0.0036498;0.000402
110;1.2019775;1.2019775;0.00157796;1.2019775;1.2019775;1.20355546;0.00157796;0.00150486;0.0000731;0.0036498;;0.000444;0.01841;0.000118;0.000402;0.001679;1.909;0.9552;0.336;0.348;1.2019775;1.20355546;0.000402;0.336;1.2019775;0.0036498;0.00157796;1.2019775;0.00157796;1.20355546;1.20355546;0.0036498;0.000444;0.01841;0.001679;1.909;0.336;0.348;0.000402;0.00157796;0.000402;0.00157796;0.00157796;1.909;1.20355546;0.9552;0.001577962;0.000402;1.201977497;1.201977497;0.001577962;0.0036498;0.000402
111;1.36301034;1.36301034;0.00157796;1.36301034;1.36301034;1.36458831;0.00157796;0.00150486;0.0000731;0.0036498;;0.000444;0.01841;0.000118;0.000402;0.001679;1.909;0.9552;0.336;0.348;1.36301034;1.36458831;0.000402;0.336;1.36301034;0.0036498;0.00157796;1.36301034;0.00157796;1.36458831;1.36458831;0.0036498;0.000444;0.01841;0.001679;1.909;0.336;0.348;0.000402;0.00157796;0.000402;0.00157796;0.00157796;1.909;1.36458831;0.9552;0.001577962;0.000402;1.363010345;1.363010345;0.001577962;0.0036498;0.000402
112;1.54563226;1.54563226;0.00157796;1.54563226;1.54563226;1.54721022;0.00157796;0.00150486;0.0000731;0.0036498;;0.000444;0.01841;0.000118;0.000402;0.001679;1.909;0.9552;0.336;0.348;1.54563226;1.54721022;0.000402;0.336;1.54563226;0.0036498;0.00157796;1.54563226;0.00157796;1.54721022;1.54721022;0.0036498;0.000444;0.01841;0.001679;1.909;0.336;0.348;0.000402;0.00157796;0.000402;0.00157796;0.00157796;1.909;1.54721022;0.9552;0.001577962;0.000402;1.54563226;1.54563226;0.001577962;0.0036498;0.000402
113;1.75273761;1.75273761;0.00157796;1.75273761;1.75273761;1.75431557;0.00157796;0.00150486;0.0000731;0.0036498;;0.000444;0.01841;0.000118;0.000402;0.001679;1.909;0.9552;0.336;0.348;1.75273761;1.75431557;0.000402;0.336;1.75273761;0.0036498;0.00157796;1.75273761;0.00157796;1.75431557;1.75431557;0.0036498;0.000444;0.01841;0.001679;1.909;0.336;0.348;0.000402;0.00157796;0.000402;0.00157796;0.00157796;1.909;1.75431557;0.9552;0.001577962;0.000402;1.752737609;1.752737609;0.001577962;0.0036498;0.000402
114;1.98760879;1.98760879;0.00157796;1.98760879;1.98760879;1.98918676;0.00157796;0.00150486;0.0000731;0.0036498;;0.000444;0.01841;0.000118;0.000402;0.001679;1.909;0.9552;0.336;0.348;1.98760879;1.98918676;0.000402;0.336;1.98760879;0.0036498;0.00157796;1.98760879;0.00157796;1.98918676;1.98918676;0.0036498;0.000444;0.01841;0.001679;1.909;0.336;0.348;0.000402;0.00157796;0.000402;0.00157796;0.00157796;1.909;1.98918676;0.9552;0.001577962;0.000402;1.987608793;1.987608793;0.001577962;0.0036498;0.000402
115;2.25396827;2.25396827;0.00157796;2.25396827;2.25396827;2.25554624;0.00157796;0.00150486;0.0000731;0.0036498;;0.000444;0.01841;0.000118;0.000402;0.001679;1.909;0.9552;0.336;0.348;2.25396827;2.25554624;0.000402;0.336;2.25396827;0.0036498;0.00157796;2.25396827;0.00157796;2.25554624;2.25554624;0.0036498;0.000444;0.01841;0.001679;1.909;0.336;0.348;0.000402;0.00157796;0.000402;0.00157796;0.00157796;1.909;2.25554624;0.9552;0.001577962;0.000402;2.253968274;2.253968274;0.001577962;0.0036498;0.000402
116;2.55603757;2.55603757;0.00157796;2.55603757;2.55603757;2.55761553;0.00157796;0.00150486;0.0000731;0.0036498;;0.000444;0.01841;0.000118;0.000402;0.001679;1.909;0.9552;0.336;0.348;2.55603757;2.55761553;0.000402;0.336;2.55603757;0.0036498;0.00157796;2.55603757;0.00157796;2.55761553;2.55761553;0.0036498;0.000444;0.01841;0.001679;1.909;0.336;0.348;0.000402;0.00157796;0.000402;0.00157796;0.00157796;1.909;2.55761553;0.9552;0.001577962;0.000402;2.55603757;2.55603757;0.001577962;0.0036498;0.000402
117;2.89860416;2.89860416;0.00157796;2.89860416;2.89860416;2.90018212;0.00157796;0.00150486;0.0000731;0.0036498;;0.000444;0.01841;0.000118;0.000402;0.001679;1.909;0.9552;0.336;0.348;2.89860416;2.90018212;0.000402;0.336;2.89860416;0.0036498;0.00157796;2.89860416;0.00157796;2.90018212;2.90018212;0.0036498;0.000444;0.01841;0.001679;1.909;0.336;0.348;0.000402;0.00157796;0.000402;0.00157796;0.00157796;1.909;2.90018212;0.9552;0.001577962;0.000402;2.898604159;2.898604159;0.001577962;0.0036498;0.000402
118;3.28709736;3.28709736;0.00157796;3.28709736;3.28709736;3.28867533;0.00157796;0.00150486;0.0000731;0.0036498;;0.000444;0.01841;0.000118;0.000402;0.001679;1.909;0.9552;0.336;0.348;3.28709736;3.28867533;0.000402;0.336;3.28709736;0.0036498;0.00157796;3.28709736;0.00157796;3.28867533;3.28867533;0.0036498;0.000444;0.01841;0.001679;1.909;0.336;0.348;0.000402;0.00157796;0.000402;0.00157796;0.00157796;1.909;3.28867533;0.9552;0.001577962;0.000402;3.287097364;3.287097364;0.001577962;0.0036498;0.000402
